"filename","longname","modes","fileSize"
"area51_beta1_fix.pk3","area51_beta1","ut_ffa ut_team ut_survivor ut_follow ut_cah ut_ctf","13.0 mb"
"blackbridge.pk3","blackbridge","ut_ffa","6.7 mb"
"casa_snow.pk3",,,"3.5 mb"
"castle_b10.pk3","CASTLE - beta 10","ut_ffa ut_team ut_survivor ut_follow ut_cah ut_ctf ut_bomb","39.1 mb"
"cemetery_f43.pk3","Cemetery","ut_ctf","8.2 mb"
"chronic.pk3","CHRONIC","ffa","7.1 mb"
"chronic_snow.pk3","CHRONIC Snow","ffa ctf","11.3 mb"
"crescent.pk3","Crescent","tourney","8.4 mb"
"dawnoftime.pk3","Dawn of Time","tourney ffa team ctf","21.9 mb"
"estatica.pk3","Estatica","tourney ffa","8.2 mb"
"farwest_w1.pk3","farwest","ut_ffa ut_survivor ut_ctf","7.2 mb"
"ghzone-xmas.pk3","ghzone-xmas","ut_ffa ut_team ut_survivor ut_ctf ut_bomb","13.2 mb"
"ghzone-xxy.pk3","ghzone-xxy","ut_ffa ut_team ut_survivor ut_ctf ut_bomb","15.2 mb"
"ghzone-xxy_f43.pk3","ghzone-xxy","ut_ffa ut_team ut_survivor ut_ctf ut_bomb","15.2 mb"
"lavarena.pk3","Lava Arena","ut_ffa ut_team ut_survivor ut_ctf","4.9 mb"
"layout_del_1.pk3","Layout development map by CMM","ut_ffa ut_team ut_survivor ut_follow ut_cah ut_ctf ut_bomb","10.7 mb"
"lillypad_w1.pk3","lillypad","ut_ffa ut_team ut_survivor ut_follow ut_cah ut_ctf","7.4 mb"
"metro.pk3",,,"19.5 mb"
"metro_4x.pk3","metro_4x","ut_ffa 1 2 ut_team ut_survivor ut_follow ut_ctf","21.4 mb"
"moma_a1.pk3",,,"0.9 mb"
"nkp.pk3","Crossing","ut_ffa ut_team ut_survivor ut_follow ut_cah ut_ctf ut_bomb","7.4 mb"
"oxeia.pk3",,,"4.5 mb"
"q3ctfvoy1.pk3","Beta Station","ffa ctf team tourney","2.1 mb"
"q_premiere_f43.pk3","Premiere City","ut_ffa ut_team ut_survivor ut_cah ut_ctf","18.4 mb"
"rfaknife.pk3","RFAKNIFE by Alexandra","ut_survivor ut_ctf ut_bomb","14.3 mb"
"skycastle.pk3",,,"5.8 mb"
"tng-town_b1_x.pk3",,,"35.2 mb"
"uptown_snow.pk3",,,"2.2 mb"
"ut41_headtown_a4.pk3",,,"10.3 mb"
"ut43_arena1.pk3","Arena 1","ut_team ut_survivor ut_follow ut_cah ut_ctf ut_bomb","47.7 mb"
"ut43_aztec_ruins_rc1.pk3","Aztec Ruins","ut_cah ut_team ut_survivor ut_ctf","10.5 mb"
"ut43_duplomania_b1.pk3",,,"1.1 mb"
"ut4_1upfun1.pk3",,,"1.6 mb"
"ut4_1upfun1_v2.pk3",,"ut_team ut_survivor ut_ctf","1.8 mb"
"ut4_aardtimes_fixed.pk3","aardtimes","ut_ffa ut_team ut_survivor ut_follow ut_cah ut_ctf ut_bomb","15.3 mb"
"ut4_aardtimes_www2.pk3","aardtimes","ut_ffa ut_team ut_survivor ut_follow ut_cah ut_ctf ut_bomb","15.7 mb"
"ut4_abaddonctf_rc3.pk3","AbaddonCTF rc3","ut_team ut_ctf","54.1 mb"
"ut4_abaddonts_rc4.pk3","AbaddonTS rc4","ut_ffa ut_team ut_survivor ut_follow ut_cah ut_ctf ut_bomb ut_ft ut_gungame","50.0 mb"
"ut4_abaddon_b11.pk3","Abaddon b11","ut_ffa ut_team ut_survivor ut_follow ut_cah ut_ctf ut_bomb ut_ft ut_gungame","37.3 mb"
"ut4_abaddon_b15v1.pk3","Abaddon b15v1","ut_ffa ut_team ut_survivor ut_follow ut_cah ut_ctf ut_bomb ut_ft ut_gungame","45.7 mb"
"ut4_abaddon_b15v2.pk3","Abaddon b15v2","ut_ffa ut_team ut_survivor ut_follow ut_cah ut_ctf ut_bomb ut_ft ut_gungame","45.8 mb"
"ut4_abaddon_b2.pk3","Abaddon beta 2 by Sneaks","ut_ffa ut_team ut_survivor ut_follow ut_cah ut_ctf ut_bomb ut_ft ut_gungame","92.4 mb"
"ut4_abaddon_b4v3.pk3","Abaddon b4v3","ut_ffa ut_team ut_survivor ut_follow ut_cah ut_ctf ut_bomb ut_ft ut_gungame","64.7 mb"
"ut4_abaddon_rc4.pk3","Abaddon rc4","ut_ffa ut_team ut_survivor ut_follow ut_cah ut_ctf ut_bomb ut_ft ut_gungame","50.0 mb"
"ut4_aegea_a19.pk3",,"ut_ffa ut_team ut_survivor ut_follow ut_cah ut_ctf ut_bomb ut_lms ut_jump","5.0 mb"
"ut4_aerie_a3.pk3",,,"5.7 mb"
"ut4_airport_b3.pk3",,"ut_ffa ut_team ut_survivor ut_ctf ut_cah ut_bomb","3.4 mb"
"ut4_alcantarilla_b3c.pk3","La Alcantarilla huele bien","ut_ffa ut_tdm ut_ts ut_ctf ut_bomb","7.5 mb"
"ut4_alley_fixed.pk3","Alley","ut_ffa ut_team ut_survivor ut_ctf ut_bomb ut_cah","7.0 mb"
"ut4_alps.pk3","Alps Terror","ut_ffa ut_team ut_survivor ut_follow ut_cah ut_ctf ut_bomb","10.0 mb"
"ut4_amazing.pk3","Amazing","ut_ffa ut_team ut_survivor ut_follow ut_ctf ut_bomb","9.2 mb"
"ut4_ambush_f43.pk3","Ambush","ut_ffa ut_team ut_survivor ut_follow ut_cah ut_ctf ut_bomb","6.5 mb"
"ut4_anikitown_v5.pk3","AnikiTown v5"," ut_ffa ut_team ut_survivor ut_follow ut_ctf ut_bomb ut_ft ut_cah ut_gg","11.2 mb"
"ut4_antic.pk3","Antic","ut_ffa ut_team ut_survivor ut_follow ut_cah ut_ctf ut_bomb","26.6 mb"
"ut4_arctica_beta1.pk3","Arctica b1","ut_ffa ut_team ut_survivor ut_follow ut_cah ut_ctf ut_bomb","39.5 mb"
"ut4_area3beta3.pk3","Area3 - Beta3 by Newin","ut_ffa ut_team ut_survivor ut_follow ut_cah ut_ctf ut_bomb","34.9 mb"
"ut4_arena1.pk3","Arena 1","ut_team ut_survivor ut_follow ut_cah ut_ctf ut_bomb","0.2 mb"
"ut4_arnoville_b4.pk3","Arnoville_b4","  ut_ffa ut_team ut_survivor ut_ctf ut_bomb","57.1 mb"
"ut4_asylum_b1.pk3","Asylum beta 1","ut_ffa ut_team ut_survivor ut_ctf ut_bomb","31.0 mb"
"ut4_athena_alpha.pk3",,,"20.2 mb"
"ut4_australia_beta_fix.pk3","Australia","ut_ffa ut_team ut_survivor ut_follow ut_cah ut_ctf ut_bomb","34.6 mb"
"ut4_aztek_b2.pk3","Aztek Beta 2","ut_ffa ut_team ut_survivor ut_follow ut_cah ut_ctf ut_bomb","22.8 mb"
"ut4_aztek_ruins.pk3","Aztek Ruins","ut_cah ut_team ut_survivor ut_ctf","10.6 mb"
"ut4_badbox.pk3","badbox","ut_ctf","1.5 mb"
"ut4_baeza.pk3",,"ut_ffa ut_team ut_survivor ut_follow ut_cah ut_ctf ut_bomb","7.2 mb"
"ut4_barn.pk3",,"ut_ffa ut_team ut_survivor ut_follow ut_cah ut_ctf ut_bomb","5.3 mb"
"ut4_battlefront.pk3",,,"1.9 mb"
"ut4_beijing_b3.pk3",,"ut_ffa ut_team ut_survivor ut_follow ut_cah ut_ctf ut_bomb","24.5 mb"
"ut4_beijing_b3_bots.pk3",,"ut_ffa ut_team ut_survivor ut_follow ut_cah ut_ctf ut_bomb","26.6 mb"
"ut4_blackhawk.pk3","Blackhawk Down","ut_ffa ut_team ut_survivor ut_follow ut_cah ut_ctf ut_bomb","18.0 mb"
"ut4_blackmarket_beta3.pk3",,,"16.3 mb"
"ut4_bleirrilla_a8.pk3","bleirrilla_a8","ut_ffa ut_team ut_cah ut_ctf ut_survivor","3.8 mb"
"ut4_blitzkrieg.pk3","Blitzkrieg"," ut_ffa ut_team ut_survivor ut_cah ut_ctf ut_bomb","9.1 mb"
"ut4_blitzkrieg1.pk3","Blitzkrieg1"," ut_ffa ut_team ut_survivor ut_cah ut_ctf ut_bomb","8.7 mb"
"ut4_blitzkrieg2.pk3","Blitzkrieg 2","ut_ffa ut_team ut_survivor ut_assassins ut_follow ut_cah ut_ctf ut_bomb","18.3 mb"
"ut4_blockfort2.pk3",,,"0.9 mb"
"ut4_blockforts_rc2.pk3","Blockforts RC2","ut_ffa ut_team ut_survivor ut_follow ut_cah ut_ctf ut_bomb","32.7 mb"
"ut4_bluedroid_2.pk3","bluedroid","ut_ctf","5.0 mb"
"ut4_bogazici_b2t.pk3",,"ut_team ut_survivor ut_cah ut_ctf","10.5 mb"
"ut4_borgo02_b3.pk3","borgo02_b3","ut_ffa ut_team ut_survivor ut_follow ut_ctf ut_cah ut_bomb","7.3 mb"
"ut4_bouncycastle_a4.pk3","xxx xxx","ut_ffa ut_team ut_survivor ut_follow ut_cah ut_ctf ut_bomb","6.5 mb"
"ut4_bouncycastle_a5.pk3",,,"6.7 mb"
"ut4_boxtrot_x6.pk3","boxtrot x6 -by lee",,"7.8 mb"
"ut4_breathe_b2.pk3",,"ut_ffa ut_team ut_survivor ut_ctf","2.4 mb"
"ut4_breathe_b2_f43.pk3",,"ut_ffa ut_team ut_survivor ut_ctf","3.1 mb"
"ut4_bridge_rc3.pk3","Bridge RC3","ut_ffa ut_bomb ut_team ut_survivor ut_cah ut_ctf","22.2 mb"
"ut4_cache_b6.pk3","Cache","ut_ffa ut_team ut_cah ut_survivor ut_ctf ut_bomb","18.2 mb"
"ut4_cambodia_b4.pk3",,,"14.2 mb"
"ut4_cambodia_b6.pk3",,,"14.3 mb"
"ut4_cambridge_b1.pk3","Cambridge - Beta1","ut_ffa ut_team ut_survivor ut_follow ut_cah ut_ctf ut_bomb","17.0 mb"
"ut4_cambridge_fixed.pk3","Cambridge","ut_ffa ut_team ut_survivor ut_follow ut_cah","4.5 mb"
"ut4_campamento_b6.pk3","Campamento","ut_ffa ut_team ut_survivor ut_cah ut_ctf ut_bomb","20.6 mb"
"ut4_cannons.pk3",,,"6.0 mb"
"ut4_carentan_b4.pk3","Carentan BETA 4","ut_ffa ut_team ut_survivor ut_follow ut_cah ut_ctf","32.0 mb"
"ut4_carentan_kryta_v1c.pk3","Carentan v1c","ut_team ut_ctf ut_bomb","34.2 mb"
"ut4_casablanca.pk3","Casablanca","ut_ffa ut_team ut_ctf","10.7 mb"
"ut4_castleterror.pk3","Castle Terror","ut_ffa ut_team ut_survivor ut_cah ut_ctf ut_bomb","10.3 mb"
"ut4_cathedral.pk3","Cathedral","ut_ffa ut_team ut_survivor ut_follow ut_cah ut_ctf ut_bomb","11.4 mb"
"ut4_cemetery666.pk3","cemetery 666","ut_team ut_survivor ut_ctf ut_ffa","7.2 mb"
"ut4_cemetery666_metallica.pk3","cemetery 666","ut_team ut_survivor ut_ctf ut_ffa","16.7 mb"
"ut4_ceruleanriver_beta1.pk3",,"ut_ffa ut_team ut_survivor ut_follow ut_cah ut_ctf ut_bomb","40.1 mb"
"ut4_chambers083.pk3","Chambers","ut_ffa ut_team ut_survivor ut_ctf","23.7 mb"
"ut4_city.pk3","Street fight","ut_ffa ut_team ut_survivor ut_follow ut_ctf ut_cah","4.2 mb"
"ut4_city666-rc3.pk3","Da Brotherhood","ut_ffa ut_team ut_survivor ut_ctf","37.9 mb"
"ut4_citygardens.pk3","City Gardens","ut_ffa ut_team ut_survivor ut_ctf","5.4 mb"
"ut4_clinic_b3.pk3",,"ut_ffa ut_team ut_survivor ut_follow ut_cah ut_ctf ut_bomb ut_ft ut_gungame","40.0 mb"
"ut4_company.pk3","Company","ut_ffa ut_team ut_survivor ut_follow ut_cah ut_ctf ut_bomb ut_ft","37.6 mb"
"ut4_concrete.pk3","C O N C R E T E","ut_ffa ut_ctf ","1.3 mb"
"ut4_concrete_arena_fixed.pk3","Concrete Arena Fixed","ut_ffa ut_team ut_survivor ut_follow ut_ctf","4.8 mb"
"ut4_constructionsite.pk3","construction site","ut_ctf","4.3 mb"
"ut4_containertown.pk3",,,"11.2 mb"
"ut4_containeryard_b1.pk3",,,"8.7 mb"
"ut4_corinthe_b2.pk3",,,"10.3 mb"
"ut4_cownet2_rc2.pk3","cn2_rc2","ut_ffa ut_team ut_survivor ut_follow ut_cah ut_ctf ut_bomb","13.1 mb"
"ut4_crazychristmas.pk3","Crazy Christmas","ut_ffa ut_team ut_survivor ut_follow ut_cah ut_ctf ut_bomb","3.7 mb"
"ut4_crossing.pk3","Crossing","ut_ffa ut_team ut_survivor ut_follow ut_cah ut_ctf ut_bomb ut_ft","8.4 mb"
"ut4_crystal_arena_v2.pk3","Crystal Arena","ut_ffa ut_team ut_ctf","14.3 mb"
"ut4_crystal_arena_v3b.pk3","Crystal Arena","ut_ffa ut_team ut_ctf","27.0 mb"
"ut4_crystal_arena_v3b4.pk3","Crystal Arena","ut_ffa ut_team ut_ctf","40.9 mb"
"ut4_curbstompcity.pk3",,,"1.7 mb"
"ut4_dambridge.pk3",,,"8.3 mb"
"ut4_dambridge_b1.pk3",,,"7.5 mb"
"ut4_dealey_b2.pk3","Dealey Plaza Beta 2","ut_ffa ut_team ut_survivor ut_ctf","7.2 mb"
"ut4_deception_v2.pk3","Deception v2","ut_team ut_survivor ut_cah ut_ctf ut_bomb","11.5 mb"
"ut4_denton.pk3","Denton","ut_ffa ut_team ut_survivor ut_ctf","16.1 mb"
"ut4_derelict_b3.pk3",,"ut_ffa ut_team ut_survivor ut_follow ut_cah ut_ctf ut_bomb ut_ft ut_gungame","34.7 mb"
"ut4_derelict_b5.pk3",,"ut_ffa ut_team ut_survivor ut_follow ut_cah ut_ctf ut_bomb ut_ft ut_gungame","35.4 mb"
"ut4_desertia.pk3","Desert oasis with a pool","ut_ffa ut_team ut_survivor ut_follow ut_cah ut_ctf ut_bomb","28.1 mb"
"ut4_desolate_rc1.pk3","Desolate rc1","ut_ffa ut_team ut_survivor ut_ctf ut_bomb","12.7 mb"
"ut4_detroit.pk3",,,"21.0 mb"
"ut4_detroit_fixed.pk3",,,"21.2 mb"
"ut4_ditch082.pk3","Ditch","ut_ffa ut_team ut_survivor ut_ctf","15.4 mb"
"ut4_domus2_b2.pk3","domus2_b2","ut_ffa ut_team ut_survivor ut_follow ut_cah ut_ctf ut_bomb","23.1 mb"
"ut4_doom10.pk3",,,"0.7 mb"
"ut4_doom16.pk3",,,"0.7 mb"
"ut4_dreary_b6.pk3",,,"9.2 mb"
"ut4_dressing2_b3.pk3","New Dressingroom v2","ut_ffa ut_team ut_survivor ut_cah ut_ctf ut_bomb ut_jump ut_freeze","1.5 mb"
"ut4_dressingroom_reloaded.pk3","Dressing Room"," ut_ffa ut_team ut_survivor ut_follow ut_ctf ut_bomb","3.5 mb"
"ut4_druglord.pk3",,"ut_ffa ut_team ut_survivor ut_follow ut_cah ut_ctf ut_bomb","17.8 mb"
"ut4_druglord2.pk3",,"ut_ffa ut_team ut_survivor ut_follow ut_cah ut_ctf","26.5 mb"
"ut4_dtctribute_a3.pk3","xxx xxx","ut_ffa ut_team ut_survivor ut_follow ut_cah ut_ctf ut_bomb","14.1 mb"
"ut4_dtctribute_a5.pk3",,,"12.4 mb"
"ut4_dualcores_b1.pk3","Dual Cores","ctf","17.5 mb"
"ut4_dust2_v2.pk3","Dust2","ut_ffa ut_team ut_survivor ut_ctf ut_bomb","6.2 mb"
"ut4_edo_b1.pk3","El antiguo poblado de Edo by GuachKamikaze","ut_ffa ut_team ut_cah ut_ctf ut_follow","13.1 mb"
"ut4_eezabad.pk3","EezaBad Compound","ut_ffa ut_team ut_survivor ut_ctf ut_bomb","28.8 mb"
"ut4_efort_b1.pk3","The evil fort","ut_ffa ut_team ut_survivor ut_follow ut_cah ut_ctf ut_bomb","6.0 mb"
"ut4_enterprise_r3.pk3","1701-d Preview only map","ut_ffa ut_team ut_survivor ut_ctf ut_bomb","40.3 mb"
"ut4_evil_circus_b1.pk3","Evil Circus - beta 1 - mtc test","ut_ffa ut_team ut_survivor ut_ctf ut_bomb","49.0 mb"
"ut4_ev_arena3_fixed.pk3","EVIL NEST ARENA 3"," ut_ffa ut_team ut_survivor ut_follow ut_ctf ut_bomb","1.6 mb"
"ut4_ev_arena5.pk3","EVIL NEST ARENA 5"," ut_ffa ut_team ut_survivor ut_follow ut_ctf ut_bomb","1.9 mb"
"ut4_ev_arena6_b01.pk3","EVIL NEST ARENA 6"," ut_ffa ut_team ut_survivor ut_follow ut_ctf ut_bomb","1.6 mb"
"ut4_exhibition_a42.pk3",,,"50.3 mb"
"ut4_eyasarcade.pk3",,"ut_ffa ut_team ut_ctf","11.5 mb"
"ut4_facade_b5a.pk3",,"ut_ffa ut_team ut_survivor ut_follow ut_cah ut_ctf ut_bomb","30.6 mb"
"ut4_fastfight.pk3","Fast Fight by Duf Kni3n","ut_ffa ut_team ut_survivor ut_follow ut_cah ut_ctf ut_bomb","2.9 mb"
"ut4_ferguson_b12.pk3","Ferguson Beta 12","ut_ffa ut_team ut_survivor ut_ctf ut_bomb","29.3 mb"
"ut4_ferro.pk3","Ferro","ut_ffa ut_team ut_ctf","5.0 mb"
"ut4_filtration.pk3","Filtration","ut_ffa ut_team ut_survivor ut_follow ut_cah ut_ctf ut_bomb","9.9 mb"
"ut4_forestgrunt084.pk3","Forest Grunt","ut_ctf","3.1 mb"
"ut4_frenzee_a9b.pk3","Frenzee Alpha 3","ut_ffa ut_team ut_survivor ut_cah ut_ctf ut_bomb","3.8 mb"
"ut4_frenzee_rc4.pk3","Frenzee Alpha 3","ut_ffa ut_team ut_survivor ut_cah ut_ctf ut_bomb","7.9 mb"
"ut4_ftdicks.pk3","Fort Dicks","ut_ffa ut_team ut_survivor ut_cah ut_ctf ut_follow ut_bomb","16.8 mb"
"ut4_gad_dom.pk3",,,"7.5 mb"
"ut4_gallowarena_xxxx.pk3","Gallow Arena XXXX","ut_ffa ut_team ut_survivor ut_ctf ut_bomb ut_gungame","5.7 mb"
"ut4_germany.pk3","Germany","ut_ffa ut_team ut_survivor ut_follow ut_ctf","12.0 mb"
"ut4_gloom_b3.pk3","Gloom","ut_ffa ut_team ut_survivor ut_follow ut_cah ut_ctf ut_bomb","25.2 mb"
"ut4_golgotha_repack.pk3","Golgotha","ut_ffa ut_team ut_survivor ut_follow ut_cah ut_ctf","10.5 mb"
"ut4_goods_b3.pk3",,,"14.7 mb"
"ut4_granja.pk3","granja","ut_team ut_survivor ut_ctf ut_ffa","8.6 mb"
"ut4_greatwall.pk3","Greatwall","ut_ffa ut_team ut_survivor ut_follow ut_cah ut_ctf ut_bomb","9.2 mb"
"ut4_guerrilla.pk3","Guerrilla"," ut_ffa ut_team ut_survivor ut_cah ut_ctf ut_bomb","7.8 mb"
"ut4_hallow.pk3","Hallow","ut_ffa ut_team ut_survivor ut_ctf","3.1 mb"
"ut4_harbortown.pk3","Harbortown","ut_ffa ut_team ut_survivor ut_follow ut_cah ut_ctf ut_bomb ut_ft","28.7 mb"
"ut4_heroic_beta1.pk3","heroic beta 1","ut_ffa ut_team ut_survivor ut_follow ut_ctf ut_bomb","17.5 mb"
"ut4_hexagon_v1.pk3","hexagon v1 -by lee",,"2.6 mb"
"ut4_hockey_a4.pk3","xxx xxx","ut_ffa ut_team ut_survivor ut_follow ut_cah ut_ctf ut_bomb","8.5 mb"
"ut4_hudson_b3.pk3","Fifty Five Hudson Yards","ut_ffa ut_team ut_survivor ut_follow ut_cah ut_ctf ut_bomb","4.6 mb"
"ut4_iateyourhamburger_b1.pk3","I ate your hamburger beta","ut_ffa ut_team ut_survivor ut_follow ut_cah ut_ctf ut_bomb","9.7 mb"
"ut4_iateyourhamburger_b2.pk3","i ate your hamburger b2","ut_ffa ut_team ut_survivor ut_follow ut_cah ut_ctf ut_bomb","6.5 mb"
"ut4_icecastle.pk3","Icecastle Nadeball","ut_ffa ut_team ut_survivor ut_follow ut_cah ut_ctf ut_bomb","20.0 mb"
"ut4_icehole_a3.pk3","xxx xxx","ut_ffa ut_team ut_survivor ut_follow ut_cah ut_ctf ut_bomb","5.8 mb"
"ut4_imd.pk3",,"ut_ffa ut_ctf ut_team ut_survivor ut_bomb","7.1 mb"
"ut4_imd2_b1.pk3",,"ut_ffa ut_ctf ut_team ut_survivor ut_bomb","6.1 mb"
"ut4_imperial_b11.pk3",,,"47.3 mb"
"ut4_industrial_a4f43.pk3","Squirrels Arms Export Industry Alpha 4","ut_survivor ut_ctf","1.5 mb"
"ut4_inferno_b3.pk3","Inferno","ut_bomb","14.9 mb"
"ut4_institute_b10.pk3","Institute war","ut_ffa ut_team ut_survivor ut_cah ut_ctf ut_bomb","8.4 mb"
"ut4_intercity_release.pk3","Intercity Release","ut_ffa ut_team ut_ctf ut_bomb ut_survivor ut_follow","26.4 mb"
"ut4_intermodal_beta.pk3","Intermodal BETA","ut_ffa ut_bomb ut_team ut_survivor ut_cah ut_ctf","13.4 mb"
"ut4_iran3.pk3","UT_Iran","ut_ffa ut_team ut_survivor ut_assassins ut_cah","1.4 mb"
"ut4_iran3_rc1.pk3","Iran Rc1","ut_ffa ut_team ut_survivor ut_cah ut_ctf ","6.0 mb"
"ut4_iris.pk3","Iris"," ut_ffa ut_team ut_survivor ut_follow ut_ctf ut_bomb","11.8 mb"
"ut4_italy_a5.pk3","Italy","ut_ffa ut_team ut_survivor ut_ctf ut_cah ut_bomb","10.8 mb"
"ut4_jerusalem_f43.pk3",,,"10.1 mb"
"ut4_jungle_ruins_b5.pk3",,,"12.6 mb"
"ut4_katooine3_a3.pk3",,,"9.9 mb"
"ut4_katooine_a4.pk3",,,"19.0 mb"
"ut4_katskills_a6.pk3",,,"6.1 mb"
"ut4_kaysersberg_a2_lowres.pk3",,"ut_survivor ut_ffa ut_ctf ut_team ut_cah","30.5 mb"
"ut4_kickoff2_a5.pk3",,,"7.3 mb"
"ut4_kickoff3_a5.pk3","ut4_kickoff3","ut_ffa ut_team ut_survivor ut_follow ut_cah ut_ctf ut_bomb","5.0 mb"
"ut4_killhouse_b8.pk3","Killhouse_b8"," ut_ffa ut_team ut_ctf","5.9 mb"
"ut4_kingdom_rc2.pk3","Kingdom","ut_ffa ut_team ut_survivor ut_follow ut_cah ut_ctf ut_bomb","6.6 mb"
"ut4_kingdom_rc6.pk3","Kingdom_rc6","ut_ffa ut_team ut_survivor ut_follow ut_cah ut_ctf ut_bomb","12.6 mb"
"ut4_kingpin_rc4.pk3","Kingpin","ut_ffa ut_team ut_survivor ut_follow ut_cah ut_ctf ut_bomb","16.2 mb"
"ut4_kingsgambit_b5.pk3",,"ut_ffa ut_team ut_survivor ut_follow ut_cah ut_ctf ut_bomb","16.1 mb"
"ut4_kittycity_a3.pk3",,,"12.4 mb"
"ut4_knightfight_christmas_b4.pk3","knightfight_christmas_b4","ut_ffa ut_team ut_cah ut_ctf ut_survivor","5.9 mb"
"ut4_knightfight_final.pk3","knightfight_final","ut_ffa ut_team ut_cah ut_ctf ut_survivor","1.5 mb"
"ut4_kotp.pk3","King Of The Pit","ut_team ut_survivor ut_follow ut_ctf ut_bomb","0.7 mb"
"ut4_laberinto.pk3",,,"39.6 mb"
"ut4_lair_dev2.pk3",,,"5.2 mb"
"ut4_laneway4_beta.pk3","Laneway","ut_ffa ut_team ut_survivor ut_follow ut_cah ut_ctf","14.9 mb"
"ut4_leave_beta_f43.pk3",,,"3.2 mb"
"ut4_library_b2.pk3",,,"2.8 mb"
"ut4_lockdown.pk3","layout testing","ut_ffa ut_survivor ut_team ut_ctf","18.5 mb"
"ut4_loco_b1.pk3",,"ut_ffa ut_team ut_ctf ut_bomb ut_follow ut_survivor ut_cah","43.1 mb"
"ut4_loco_release.pk3","Loco Release","ut_ffa ut_team ut_ctf ut_bomb ut_follow ut_survivor ut_cah","37.3 mb"
"ut4_lolwtf.pk3",,,"2.2 mb"
"ut4_losttemple_w2.pk3","Lost Temple","ut_ffa ut_team ut_survivor ut_follow ut_cah ut_ctf ut_bomb","4.5 mb"
"ut4_lunarwall.pk3",,,"28.4 mb"
"ut4_mandolin_ctf_b2.pk3",,"ut_ffa ut_team ut_survivor ut_follow ut_cah ut_ctf ut_ft ut_gungame","8.6 mb"
"ut4_mandoloon.pk3","Mandoloon","ut_ffa ut_ctf","24.3 mb"
"ut4_marvel_b1.pk3","Marvel","ut_ffa ut_team ut_survivor ut_ctf ut_bomb","3.7 mb"
"ut4_maximus_v1.pk3","Maximus","ut_ffa ut_team ut_survivor ut_follow ut_ctf ut_bomb","14.7 mb"
"ut4_maya.pk3","Mayan Standoff","ut_ffa ut_team ut_survivor ut_cah ut_ctf ut_bomb ut_ft","20.0 mb"
"ut4_mediterranean.pk3","Mediterranean","ut_ffa ut_ctf","28.3 mb"
"ut4_metro.pk3",,,"19.6 mb"
"ut4_metropolis_b2.pk3","Metropolis b2","ut_ffa ut_team ut_survivor ut_follow ut_ctf ut_bomb","19.8 mb"
"ut4_metrostation_b2.pk3",,,"10.7 mb"
"ut4_metro_b2.pk3","Metro Beta2","ut_ffa ut_team ut_survivor ut_follow ut_cah ut_ctf ut_bomb","38.4 mb"
"ut4_midnight.pk3","Midnight"," ut_ffa ut_team ut_survivor ut_ctf ut_bomb","12.9 mb"
"ut4_misteria_a3.pk3","xxx xxx","ut_ffa ut_team ut_survivor ut_follow ut_cah ut_ctf ut_bomb","17.0 mb"
"ut4_misteria_a4.pk3",,,"21.5 mb"
"ut4_monopoly_beta2.pk3",,,"14.9 mb"
"ut4_mountainside_a8.pk3","xxx xxx","ut_ffa ut_team ut_survivor ut_follow ut_cah ut_ctf ut_bomb","9.8 mb"
"ut4_mountainside_a9.pk3","xxx xxx","ut_ffa ut_team ut_survivor ut_follow ut_cah ut_ctf ut_bomb","10.1 mb"
"ut4_myhouse.pk3",,,"14.1 mb"
"ut4_nam.pk3","NAM"," ut_ffa ut_team ut_survivor ut_cah ut_ctf ut_bomb","8.6 mb"
"ut4_neighbourhood_beta2_day.pk3",,"ut_ffa ut_team ut_survivor ut_follow ut_cah","7.9 mb"
"ut4_nightmare_xmas.pk3","Nightmare xmas - by CMM","ut_ffa ut_team ut_survivor ut_cah ut_ctf ut_bomb","20.4 mb"
"ut4_ninthcircle_a2.pk3",,,"25.3 mb"
"ut4_noon_a2.pk3","Noon Alpha 2","ut_ffa ut_team ut_survivor ut_follow ut_ctf ut_bomb","3.5 mb"
"ut4_northferguson_rc1.pk3","North Fergsuon rc1","ut_ffa ut_team ut_survivor ut_follow ut_cah ut_ctf ut_bomb","19.2 mb"
"ut4_northpole_alpha15.pk3","Northpole Alpha 15","ut_ffa ut_team ut_survivor ut_follow ut_cah ut_ctf ut_bomb","40.1 mb"
"ut4_nuclear.pk3","Nuclear Plant","ut_ffa ut_team ut_survivor ut_cah ut_ctf ut_follow ut_bomb","13.1 mb"
"ut4_nuclearwaste_b3.pk3",,,"3.1 mb"
"ut4_nuketown_a11.pk3","nuketown a11 by Killspree","ut_ffa ut_team ut_survivor ut_follow ut_cah ut_ctf ut_bomb","6.3 mb"
"ut4_nuketown_a20.pk3","nuketown a20 by Killspree","ut_ffa ut_team ut_survivor ut_follow ut_cah ut_ctf ut_bomb","8.3 mb"
"ut4_oaks_b2.pk3","Whispering Oaks Carnival beta 2","ut_ffa ut_team ut_survivor ut_follow ut_cah ut_ctf ut_bomb","22.6 mb"
"ut4_offshore.pk3","Offshore","ut_ffa ut_team ut_survivor ut_follow ut_cah ut_ctf ut_bomb","11.4 mb"
"ut4_old_kingdom.pk3",,,"3.5 mb"
"ut4_orbital.pk3","Orbital","ut_ffa ut_team ut_survivor ut_follow ut_cah ut_ctf ut_bomb","14.8 mb"
"ut4_orbital_sl.pk3","Orbital Special League","ut_ffa ut_team ut_survivor ut_follow ut_cah ut_ctf ut_bomb","14.9 mb"
"ut4_orbital_sl_fixed.pk3","Orbital Special League Fixed","ut_ffa ut_team ut_survivor ut_follow ut_cah ut_ctf ut_bomb","15.2 mb"
"ut4_overgrown_b2.pk3","Overgrown","ut_ffa ut_team ut_survivor ut_ctf ut_bomb","17.9 mb"
"ut4_paradise.pk3","Paradise","ut_ffa ut_team ut_survivor ut_follow ut_cah ut_ctf","10.2 mb"
"ut4_paris_v1.pk3","Paris v1","ut_ffa ut_team ut_survivor ut_follow ut_ctf ut_bomb","15.0 mb"
"ut4_parkinglot_b5.pk3",,"ut_ffa ut_team ut_survivor ut_follow ut_cah ut_ctf ut_bomb ut_ft ut_gungame","30.8 mb"
"ut4_peakhour_b3.pk3",,,"21.2 mb"
"ut4_peakhour_b8.pk3",,,"22.0 mb"
"ut4_pent_b3.pk3",,,"5.4 mb"
"ut4_pent_b4.pk3",,,"5.5 mb"
"ut4_persia2.pk3",,,"3.8 mb"
"ut4_persianfortress_a8.pk3","Persian Fortress a8","ut_ffa ut_team ut_survivor ut_follow ut_cah ut_ctf ut_bomb","17.5 mb"
"ut4_pg2-27.pk3",,"ut_ffa ut_team ut_ctf ut_cah","1.7 mb"
"ut4_pgrounds2.pk3",,"ut_ffa ut_team ut_survivor ut_ctf","11.7 mb"
"ut4_phantasy_b2.pk3","Phantasy","ut_ffa ut_team ut_survivor ut_ctf ut_follow ut_cah ut_bomb","3.1 mb"
"ut4_pipeline_b3.pk3",,"ut_ffa ut_team ut_survivor ut_ctf ut_bomb ut_ft ut_gungame","34.9 mb"
"ut4_poison_b7.pk3","Poison","ut_ffa ut_team ut_survivor ut_ctf ut_bomb","24.5 mb"
"ut4_poland_b11.pk3","Poland","ut_ffa ut_team ut_survivor ut_follow ut_ctf ut_cah ut_bomb","25.2 mb"
"ut4_poland_b2.pk3","Poland","ut_team ut_survivor ut_ctf ut_bomb","19.6 mb"
"ut4_poolday_v2.pk3","PoolDay","ut_ffa ut_team ut_survivor ut_ctf ut_bomb","2.3 mb"
"ut4_prague_v2.pk3","Prague v2","ut_ffa ut_team ut_survivor ut_cah ut_ctf ut_bomb ut_ft","79.1 mb"
"ut4_precinct.pk3","Precinct"," ut_ffa ut_team ut_survivor ut_follow ut_cah ut_ctf ut_bomb","8.6 mb"
"ut4_presidio_v8.pk3","The Presidio","ut_ffa ut_team ut_ctf","24.8 mb"
"ut4_propulsion_a7.pk3","xxx xxx","ut_ffa ut_team ut_survivor ut_follow ut_cah ut_ctf ut_bomb","8.1 mb"
"ut4_provinggrounds.pk3","The Proving Grounds","ut_ffa ut_team ut_survivor ut_follow ut_ctf ut_bomb","63.5 mb"
"ut4_provinggrounds_.pk3","The Proving Grounds","ut_ffa ut_team ut_survivor ut_follow ut_ctf ut_bomb","10.1 mb"
"ut4_purity_b5.pk3",,"ut_ffa ut_team ut_survivor ut_ctf ut_bomb","13.4 mb"
"ut4_purity_b6.pk3",,"ut_ffa ut_team ut_survivor ut_ctf ut_bomb","17.8 mb"
"ut4_puzzlebox_a5.pk3",,,"31.1 mb"
"ut4_raits_a1.pk3",,"ut_ffa ut_team ut_survivor ut_follow ut_cah ut_ctf","6.7 mb"
"ut4_raw_beta1.pk3","RAW beta1 by landouille","ut_ctf","3.8 mb"
"ut4_rctf11.pk3",,,"2.4 mb"
"ut4_rctf12.pk3",,,"2.6 mb"
"ut4_rctf5.pk3",,,"2.2 mb"
"ut4_reception.pk3",,,"22.7 mb"
"ut4_retreat_b1.pk3",,,"28.1 mb"
"ut4_reverie_b1.pk3",,,"9.2 mb"
"ut4_reykjavik.pk3",,,"2.8 mb"
"ut4_rianorix.pk3","Demo of pseudo-parallax mapping in Urt4","ut_ffa ut_team ut_survivor ut_follow ut_cah ut_ctf ut_bomb","25.7 mb"
"ut4_riendel_w1.pk3","Riendel","ut_ffa ut_team ut_survivor ut_cah ut_ctf","15.2 mb"
"ut4_rip_release.pk3","RIP","ut_ffa ut_team ut_ctf ut_bomb ut_follow ut_survivor","17.5 mb"
"ut4_rivalry_b2_f43.pk3","Rivalry","ut_ffa ut_team ut_survivor ut_ctf","14.8 mb"
"ut4_rivendel_b4.pk3",,"ut_ffa ut_team ut_survivor ut_cah ut_ctf","8.4 mb"
"ut4_riyadh_mod.pk3","Riyadh_mod","ut_ffa ut_team ut_survivor ut_ctf ut_bomb","11.0 mb"
"ut4_riyadh_mod_bots.pk3","Riyadh_mod","ut_ffa ut_team ut_survivor ut_ctf ut_bomb","9.8 mb"
"ut4_rnr_a7.pk3","Renner alpha 7","ut_ffa ut_team ut_survivor ut_bomb ut_cah ut_ctf","11.9 mb"
"ut4_rnr_a8.pk3",,,"12.3 mb"
"ut4_roma_b23.pk3",,,"18.0 mb"
"ut4_roma_beta2B.pk3","Roma","ut_ffa ut_team ut_ctf ut_survivor","12.6 mb"
"ut4_rundown_w1.pk3","Rundown","ut_ffa ut_team ut_survivor ut_cah ut_ctf ut_bomb","14.3 mb"
"ut4_runtfest_argurt2.pk3","RuntFesT","ffa","5.5 mb"
"ut4_sands.pk3","Sands of Conflict","ffa team cah assasina ctf","11.2 mb"
"ut4_santorini.pk3",,,"4.9 mb"
"ut4_santorini_fixed.pk3",,,"6.5 mb"
"ut4_santorini_v2.pk3",,,"16.3 mb"
"ut4_santorini_v5.pk3",,,"17.1 mb"
"ut4_sarlat_alpha4.pk3","Sarlat La Candeda Alpha4","ut_survivor ut_ffa ut_bomb ut_ctf ut_team","46.6 mb"
"ut4_scramble_v4.pk3",,"ut_ffa ut_team ut_survivor ut_ctf","41.1 mb"
"ut4_seasonal.pk3",,,"10.2 mb"
"ut4_secretbase.pk3","Secret Base","ut_ffa ut_team ut_survivor ut_follow ut_cah ut_ctf ut_bomb","28.8 mb"
"ut4_sewerlair.pk3","Sewer Lair","ut_ffa ut_ctf","26.9 mb"
"ut4_sexnades.pk3",,,"22.6 mb"
"ut4_shipwreck.pk3","Shipwreck","ut_ffa ut_team ut_survivor ut_follow ut_cah ut_ctf ut_bomb","30.2 mb"
"ut4_showdown_b1.pk3",,,"10.2 mb"
"ut4_shuls_r2.pk3","Project Shuls","ut_ffa ut_team ut_survivor ut_ctf","13.2 mb"
"ut4_sicily.pk3","ut4_sicily","ut_ffa ut_team ut_survivor ut_ctf","37.7 mb"
"ut4_sicily_1943.pk3","ut4_sicily_1943 by alexMagno","ut_ffa ut_team ut_survivor ut_follow ut_cah ut_ctf ut_bomb","19.9 mb"
"ut4_silentechos_beta05.pk3","SilentEchos"," ut_ffa ut_team ut_survivor","10.1 mb"
"ut4_silentrunning_b1.pk3",,"ut_ffa ut_team ut_ctf ut_bomb","27.8 mb"
"ut4_sirkitbored_release.pk3",,"ut_ffa ut_team ut_ctf ut_bomb ut_follow ut_survivor","18.1 mb"
"ut4_skylift_release.pk3","Skylift Release","ut_ffa ut_team ut_ctf ut_bomb","46.0 mb"
"ut4_slammer_beta2.pk3",,,"24.0 mb"
"ut4_sled_free.pk3","Sled Free","ut_ffa ut_team ut_survivor ut_follow ut_cah ut_ctf ut_bomb","6.0 mb"
"ut4_sliema.pk3",,"ut_ffa ut_team ut_survivor ut_ctf ut_bomb","22.8 mb"
"ut4_slimefalls_b4.pk3","xxx xxx","ut_ffa ut_team ut_survivor ut_follow ut_cah ut_ctf ut_bomb","15.5 mb"
"ut4_slumwar.pk3","Slumwar"," ut_ffa ut_team ut_survivor ut_cah ut_ctf ut_bomb","17.1 mb"
"ut4_smallwall.pk3","Smallwall","ut_ffa ut_team ut_survivor ut_follow ut_cah ut_ctf ut_bomb","7.6 mb"
"ut4_sniperofficer.pk3","SNIPER OFFICER","ut_ffa ut_team ut_survivor","4.0 mb"
"ut4_snowcourtyard_b2.pk3",,,"16.6 mb"
"ut4_space-station7.pk3","Space Station 7","ut_ffa ut_ctf ut_survivor","5.9 mb"
"ut4_sparta_v2_1.pk3","Sparta v2_1","ut_ffa ut_team ut_survivor ut_ctf","13.4 mb"
"ut4_sr8ster1.pk3",,"ut_ffa ut_team ut_survivor","2.0 mb"
"ut4_st8jungle.pk3",,,"5.7 mb"
"ut4_stepping_cube.pk3","Stepping Cube","ut_ffa ut_team ut_ctf","17.3 mb"
"ut4_stoneville.pk3","ut_stone_ville","ut_ffa ut_team ut_survivor ut_follow ut_cah ut_ctf","13.5 mb"
"ut4_streets.pk3","Streets of Terror","ut_ffa ut_team ut_survivor ut_cah","5.3 mb"
"ut4_streetz.pk3","S T R E E T Z","ut_ffa ut_ctf","6.4 mb"
"ut4_suburbia_b9.pk3",,"ut_ffa ut_team ut_survivor ut_bomb ut_ctf","6.7 mb"
"ut4_superman.pk3","Urban Superman aka Supersoldier for UrT4","ut_ffa ut_team ut_survivor ut_follow ut_cah ut_ctf ut_bomb","42.0 mb"
"ut4_superman_b4.pk3","Urban Super Soldier beta 4 for UrT4","ut_ffa ut_team ut_survivor ut_follow ut_cah ut_ctf ut_bomb","13.0 mb"
"ut4_superman_light.pk3","Urban Superman aka Supersoldier for UrT4","ut_ffa ut_team ut_survivor ut_follow ut_cah ut_ctf ut_bomb","22.6 mb"
"ut4_supersquidrena.pk3",,"ut_ffa ut_team ut_survivor ut_follow ut_cah ut_ctf ut_bomb","20.4 mb"
"ut4_tactics2_fix.pk3",,,"2.3 mb"
"ut4_tak.pk3",,"ut_ffa ut_team ut_survivor ut_ctf","59.4 mb"
"ut4_tejen_beta3.pk3",,,"4.2 mb"
"ut4_temple2_beta.pk3","Lost Temple 2 beta final","ut_ffa ut_team ut_survivor ut_follow ut_cah ut_ctf ut_bomb","20.0 mb"
"ut4_terrorism2.pk3","terrorism 2","ut_ctf","8.3 mb"
"ut4_terrorism3.pk3","Terrorism 3","ut_ffa ut_team ut_survivor ut_ctf ut_bomb","10.2 mb"
"ut4_terrorism4.pk3","Terrorism 4"," ut_ffa ut_team ut_survivor ut_cah ut_ctf ut_bomb","10.4 mb"
"ut4_terrorism5.pk3","Terrorism 5"," ut_ffa ut_team ut_survivor ut_cah ut_ctf ut_bomb","9.5 mb"
"ut4_terrorism6.pk3","Terrorism 6"," ut_ffa ut_team ut_survivor ut_cah ut_ctf ut_bomb","11.5 mb"
"ut4_terrorism7.pk3","Terrorism 7","ut_ffa ut_team ut_survivor ut_assassins ut_follow ut_cah ut_ctf ut_bomb","11.0 mb"
"ut4_terrorism8.pk3","Terrorism 8"," ut_ffa ut_team ut_survivor ut_cah ut_follow ut_ctf ut_bomb","10.9 mb"
"ut4_thekatacombs_a2.pk3",,,"11.2 mb"
"ut4_thekyln_a5.pk3",,,"15.5 mb"
"ut4_thewall2.pk3","T H E  W A L L","ut_ffa ut_ctf","6.4 mb"
"ut4_timid_v3.pk3","timid v3 -by lee",,"9.9 mb"
"ut4_tohunga2_b2.pk3",,"ut_ffa ut_team ut_survivor ut_follow ut_cah ut_ctf ut_bomb ut_ft ut_gungame","42.4 mb"
"ut4_tohunga_b10.pk3",,"ut_ffa ut_team ut_survivor ut_follow ut_cah ut_ctf ut_bomb","18.3 mb"
"ut4_tohunga_b8.pk3",,"ut_ffa ut_team ut_survivor ut_follow ut_cah ut_ctf ut_bomb","17.7 mb"
"ut4_tombs_orig43.pk3","Tombs","ut_ffa ut_team ut_survivor ut_ctf ut_bomb","12.7 mb"
"ut4_totem_rc2.pk3","Totem Nadeball RC2","ut_ffa ut_team ut_survivor ut_follow ut_cah ut_ctf ut_bomb","9.9 mb"
"ut4_towers.pk3",,,"5.8 mb"
"ut4_towers_rain.pk3","Towers-WET","ut_ffa ut_team ut_ctf ut_survivor","5.9 mb"
"ut4_toxic.pk3","Toxic","ut_ffa ut_team ut_survivor ut_follow ut_cah ut_ctf ut_bomb ut_ft","27.5 mb"
"ut4_toxic_f43.pk3",,,"42.7 mb"
"ut4_toys_release.pk3",,"ut_ffa ut_team ut_ctf ut_bomb","34.6 mb"
"ut4_tracia_b1.pk3",,,"24.9 mb"
"ut4_train_dl1.pk3","Train","ut_ffa ut_team ut_cah ut_survivor ut_ctf ut_bomb","1.9 mb"
"ut4_tricky.pk3","Tricky","ut_ffa ut_team ut_survivor ut_ctf","1.8 mb"
"ut4_trug.pk3","Trug","ut_ffa ut_team ut_survivor ut_ctf ut_bomb","13.0 mb"
"ut4_tunis.pk3","Tunis","ut_ffa ut_team ut_survivor ut_follow ut_cah ut_ctf ut_bomb ut_ft","14.6 mb"
"ut4_tunis_f43.pk3","Tunis","ut_ffa ut_team ut_survivor ut_follow ut_cah ut_ctf ut_bomb ut_ft","13.2 mb"
"ut4_turbinehall.pk3","Turbine Hall","ut_ffa ut_team ut_survivor ut_follow ut_cah ut_ctf ut_bomb","12.9 mb"
"ut4_twbb.pk3","There Will Be Blood","ut_ffa ut_team ut_survivor ut_ctf","1.9 mb"
"ut4_twins.pk3","Twins","ut_ffa ut_team ut_survivor ut_follow ut_cah ut_ctf ut_bomb","17.5 mb"
"ut4_twins_beta3.pk3","Twins beta 3","ut_ffa ut_team ut_survivor ut_follow ut_cah ut_ctf ut_bomb","17.5 mb"
"ut4_ubardoom3.pk3","UbarDoom 3 by Fleuv"," ut_ffa ut_team ut_survivor ut_ctf","1.3 mb"
"ut4_uptowncity_b2.pk3","UptownCity","ut_ffa ut_team ut_survivor ut_follow ut_cah ut_ctf ut_bomb ut_ft","10.6 mb"
"ut4_uptowncity_b4.pk3","City vers by Foxyfox based on Uptown by BattleCow","ut_ffa ut_team ut_survivor ut_follow ut_cah ut_ctf ut_bomb ut_ft","8.6 mb"
"ut4_uranus_beta1.pk3","Uranus beta1","ut_ffa ut_team ut_survivor ut_follow ut_cah ut_ctf ut_bomb","1.8 mb"
"ut4_urbanduty.pk3","Urban Duty","ut_ffa ut_team ut_survivor ut_cah ut_ctf","13.9 mb"
"ut4_urbanduty_b1.pk3",,"ut_ffa ut_team ut_survivor ut_follow ut_cah ut_ctf ut_bomb","10.7 mb"
"ut4_urban_east.pk3","Urban East","ut_ffa ut_team ut_ctf","3.2 mb"
"ut4_vegas.pk3","Vegas by FromTheInside","ut_ffa ut_team ut_survivor","13.2 mb"
"ut4_venezia_b1.pk3","venezia","ut_ffa ut_team ut_survivor ut_follow ut_ctf ut_bomb","28.3 mb"
"ut4_vertigo.pk3",,,"31.7 mb"
"ut4_village.pk3","Algiers","ut_team ut_survivor ut_follow ut_ctf ut_bomb","9.8 mb"
"ut4_village_classic_rc4.pk3","Village Classic rc4","ut_ffa ut_team ut_survivor ut_follow ut_ctf ut_bomb","7.3 mb"
"ut4_violentos_b3f.pk3","Los Violentos de Kelly","ut_ffa ut_team ut_ctf","9.8 mb"
"ut4_vypla.pk3",,"ut_ffa ut_team ut_survivor ut_follow ut_cah ut_ctf ut_bomb","23.7 mb"
"ut4_wardogs3_b1.pk3",,"ut_ffa ut_team ut_survivor ut_bomb ut_cah ut_ctf","3.7 mb"
"ut4_wardogs3_b3.pk3",,"ut_ffa ut_team ut_survivor ut_bomb ut_cah ut_ctf","3.7 mb"
"ut4_wardogs4_b1.pk3",,,"4.3 mb"
"ut4_wardogs_b2.pk3",,"ut_ffa ut_team ut_survivor ut_bomb ut_cah ut_ctf","4.2 mb"
"ut4_warehouse.pk3","Warehouse","ut_ffa ut_team ut_survivor ut_follow ut_cah ut_ctf ut_bomb","7.4 mb"
"ut4_wasit_v2.pk3",,,"8.2 mb"
"ut4_waterworks_a3.pk3","xxx xxx","ut_ffa ut_team ut_survivor ut_follow ut_cah ut_ctf ut_bomb","13.0 mb"
"ut4_whiteclock_a2.pk3",,,"15.7 mb"
"ut4_wid.pk3","ut4_WiD","ut_ffa ut_team ut_survivor ut_ctf ut_bomb","16.9 mb"
"ut4_winterassault_2.pk3","Winter Assault - Village","ut_ffa ut_team ut_survivor ut_cah ut_ctf ut_bomb","16.8 mb"
"ut4_winterassault_2_b6.pk3","Winter Assault - Village","ut_ffa ut_team ut_survivor ut_cah ut_ctf ut_bomb","16.5 mb"
"ut4_worrior9.pk3","Worrior IX","ut_ffa ut_team ut_survivor ut_follow ut_cah ut_ctf ut_bomb","9.5 mb"
"ut4_wxs2.pk3",,,"1.4 mb"
"ut4_wxs3_fix.pk3",,,"1.4 mb"
"ut4_york_v4.pk3",,,"11.5 mb"
"ut4_york_v7.pk3",,,"13.3 mb"
"ut4_york_v9.pk3",,,"13.1 mb"
"ut4_zement_b1.pk3","Zement","ut_team ut_ctf","24.2 mb"
"ut4_zement_b2.pk3","Zement","ut_ffa ut_team ut_survivor ut_ctf","28.3 mb"
"ut4_zomker_a2.pk3","Zombie Bunker Alpha 2","ut_team ut_ctf","13.3 mb"
"ut_arabiandistrict_fix.pk3","arabiandistrict","ut_ffa ut_team ut_survivor ut_follow ut_cah ut_ctf","5.6 mb"
"ut_berch_w2.pk3","Berchesgaden","ut_ffa ut_team ut_survivor ut_follow ut_cah ut_ctf ut_bomb","13.0 mb"
"ut_bridge-rc1.pk3",,"ctf ffa single team tourney ut_ffa ut_team ut_survivor ut_follow ut_cah ut_ctf","6.1 mb"
"ut_canyon2.pk3","Canyon","ut_ffa ut_team ut_survivor ut_follow ut_cah ut_ctf ut_bomb","15.3 mb"
"ut_castle.pk3","Little Castle","ut_ffa ut_team","7.4 mb"
"ut_centro_fix.pk3","ut_centro by Yamagata","ut_ffa ut_team ut_survivor ut_follow ut_cah ut_ctf ut_bomb","14.8 mb"
"ut_crenshaw.pk3",,,"29.8 mb"
"ut_deep.pk3","Deep Ocean","ut_ctf ut_ffa ut_team ut_survivor","1.9 mb"
"ut_demolition.pk3","Demolition","ut_ffa ut_team ut_survivor ut_ctf","7.4 mb"
"ut_demolition_fix.pk3","Demolition","ut_ffa ut_team ut_survivor ut_ctf","7.4 mb"
"ut_druglord3_fix.pk3",,"ut_ffa ut_team ut_survivor ut_follow ut_cah ut_ctf","23.4 mb"
"ut_forest_fix.pk3","The Forest","ut_ffa ut_team ut_survivor ut_ctf","9.6 mb"
"ut_haven.pk3","VIllage3test","ut_ffa ut_ftl ut_ass ut_survivor ut_ctf ut_tdm ut_bomb ut_bm ut_bombmode","7.0 mb"
"ut_jihad.pk3","Jihad - by b33f",,"10.7 mb"
"ut_laneway2_f43.pk3","Laneway2","ut_ffa ut_team ut_survivor ut_follow ut_cah ut_ctf","8.7 mb"
"ut_laneway_snow.pk3",,"ut_ffa ut_team ut_survivor ut_follow ut_cah ut_ctf","22.4 mb"
"ut_lostbase.pk3","The Lost Base","ut_team ut_survivor ut_follow ut_ctf","10.6 mb"
"ut_lostbase_fix.pk3","The Lost Base","ut_team ut_survivor ut_follow ut_ctf","8.3 mb"
"ut_mastermind_fix.pk3","Mastermind","ut_ffa ut_team ut_survivor ut_ctf ut_bomb","10.1 mb"
"ut_mbase2.pk3",,,"10.5 mb"
"ut_museum_fix.pk3","The Royo Museum","ut_ffa ut_team ut_survivor ut_assassins ut_follow ut_cah ut_ctf","10.9 mb"
"ut_once.pk3","Once I Was Here","ut_ffa ut_single ut_team ut_survivor ut_cah","3.7 mb"
"ut_outpost_fix.pk3","the last outpost","ut_ffa ut_team ut_survivor ut_follow ut_ctf","6.7 mb"
"ut_poseidon_fix.pk3",,"ctf ffa team  ","15.7 mb"
"ut_pussyparadise.pk3","PussyParadise"," ut_ffa ut_team ut_survivor ut_follow ut_ctf ut_bomb","16.0 mb"
"ut_pwnt.pk3",,"ut_ctf","4.4 mb"
"ut_rommelV1_fix.pk3",,,"4.4 mb"
"ut_rumble.pk3",,"ut_ffa ut_team ut_survivor ut_follow ut_cah ut_ctf","2.2 mb"
"ut_scottbase.pk3","Scott Base","ut_ffa ut_team ut_survivor ut_ctf","12.9 mb"
"ut_siberia.pk3","Siberia","ut_ffa ut_team ut_survivor ut_ctf ut_bomb","9.4 mb"
"ut_sled_free_f1.pk3","Sled Free","ut_ffa ut_team ut_ctf ut_ts","3.7 mb"
"ut_sniperduell_fix.pk3","Sniperduell","ut_survivor","1.0 mb"
"ut_stone_ville.pk3","ut_stone_ville","ut_ffa ut_team ut_survivor ut_follow ut_cah ut_ctf","13.4 mb"
"ut_streets2_f43.pk3",,,"13.8 mb"
"ut_streets2_fix.pk3",,,"13.4 mb"
"ut_streets3-daybeta3.pk3",,,"13.0 mb"
"ut_the_day_after2-fixed.pk3","UT_The_Day_After2","ut_ffa ut_team ut_survivor ut_follow ut_cah ut_ctf","13.8 mb"
"ut_the_day_after2_w1.pk3","ut_The_Day_After2","ut_ffa ut_team ut_survivor ut_follow ut_cah ut_ctf","14.1 mb"
"ut_twinlakesv2_fix.pk3","ut_twinlakesv2","ut_ffa ut_team ut_survivor ut_follow ut_cah ut_ctf","7.7 mb"
"ut_txantrea.pk3","Txantrea_barrio_conflictivo","ut_ffa ut_team ut_survivor ut_follow ut_cah ut_ctf ut_bomb","19.6 mb"
"ut_txantrea_beta2.pk3","Txantrea_barrio_conflictivo","ut_ffa ut_team ut_survivor ut_follow ut_cah ut_ctf ut_bomb","19.6 mb"
"ut_uctc.pk3","Urban Combat Training Camp","ffa team cah assasina ctf","1.1 mb"
"ut_workb2_fixed.pk3","Work","ut_ffa ut_team ut_survivor ut_follow ut_cah ut_ctf","12.6 mb"
"ut_zero_fix.pk3",,"ut_ffa ut_team ut_survivor ut_follow ut_ctf ut_bomb","26.4 mb"
"wop_backyard_b4.pk3","wop_backyard_b3","ut_team ut_follow ut_ffa","20.2 mb"
"wop_bath_b4.pk3","wop_bath_b3","ut_team ut_follow ut_ffa","22.8 mb"
"wop_cabin_b4.pk3","wop_cabin_b3","ut_team ut_follow ut_ffa","21.1 mb"
"wop_diner_b4.pk3","wop_diner_b3","ut_team ut_follow ut_ffa","24.7 mb"
"wop_holidays_b4.pk3","wop_holidays_b3","ut_team ut_follow ut_ctf ut_ffa","13.1 mb"
"wop_huette_b4.pk3","wop_huette_b3","ut_team ut_follow ut_ffa","33.2 mb"
"wop_padattic_b4.pk3","wop_padattic_b3","ut_team ut_follow ut_ffa","32.4 mb"
"wop_padgarden_b4.pk3","wop_padgarden_b3","ut_team ut_follow ut_ffa","36.0 mb"
"wop_padshop_b4.pk3","wop_padshop_b3","ut_team ut_follow ut_ffa","41.9 mb"